Brand Name,Website,Logo Status,Logo Path,Message
Nordstrom,nordstrom.com,MISSING,,"Error: [Errno 8] nodename nor servname provided, or not k"
Nordstrom Rack,nordstromrack.com,MISSING,,"Error: [Errno 8] nodename nor servname provided, or not k"
Bloomingdale's,bloomingdales.com,MISSING,,"Error: [Errno 8] nodename nor servname provided, or not k"
Macy's,macys.com,MISSING,,"Error: [Errno 8] nodename nor servname provided, or not k"
Neiman Marcus,neimanmarcus.com,MISSING,,"Error: [Errno 8] nodename nor servname provided, or not k"
Saks Fifth Avenue,saksfifthavenue.com,MISSING,,"Error: [Errno 8] nodename nor servname provided, or not k"
Bergdorf Goodman,bergdorfgoodman.com,MISSING,,"Error: [Errno 8] nodename nor servname provided, or not k"
Dillard's,dillards.com,MISSING,,"Error: [Errno 8] nodename nor servname provided, or not k"
Belk,belk.com,MISSING,,"Error: [Errno 8] nodename nor servname provided, or not k"
Von Maur,vonmaur.com,MISSING,,"Error: [Errno 8] nodename nor servname provided, or not k"
Target,target.com,MISSING,,"Error: [Errno 8] nodename nor servname provided, or not k"
Walmart,walmart.com,MISSING,,"Error: [Errno 8] nodename nor servname provided, or not k"
Amazon Fashion,amazon.com,MISSING,,"Error: [Errno 8] nodename nor servname provided, or not k"
Old Navy,oldnavy.com,MISSING,,"Error: [Errno 8] nodename nor servname provided, or not k"
Gap,gap.com,MISSING,,"Error: [Errno 8] nodename nor servname provided, or not k"
Banana Republic,bananarepublic.com,MISSING,,"Error: [Errno 8] nodename nor servname provided, or not k"
Zara,zara.com,MISSING,,"Error: [Errno 8] nodename nor servname provided, or not k"
H&M,hm.com,MISSING,,"Error: [Errno 8] nodename nor servname provided, or not k"
Uniqlo,uniqlo.com,MISSING,,"Error: [Errno 8] nodename nor servname provided, or not k"
Mango,mango.com,MISSING,,"Error: [Errno 8] nodename nor servname provided, or not k"
COS,cosstores.com,MISSING,,"Error: [Errno 8] nodename nor servname provided, or not k"
& Other Stories,stories.com,MISSING,,"Error: [Errno 8] nodename nor servname provided, or not k"
Monki,monki.com,MISSING,,"Error: [Errno 8] nodename nor servname provided, or not k"
Weekday,weekday.com,MISSING,,"Error: [Errno 8] nodename nor servname provided, or not k"
ASOS,asos.com,MISSING,,"Error: [Errno 8] nodename nor servname provided, or not k"
Boohoo,boohoo.com,MISSING,,"Error: [Errno 8] nodename nor servname provided, or not k"
PrettyLittleThing,prettylittlething.com,MISSING,,"Error: [Errno 8] nodename nor servname provided, or not k"
Missguided,missguided.com,MISSING,,"Error: [Errno 8] nodename nor servname provided, or not k"
Nasty Gal,nastygal.com,MISSING,,"Error: [Errno 8] nodename nor servname provided, or not k"
Forever 21,forever21.com,MISSING,,"Error: [Errno 8] nodename nor servname provided, or not k"
Fashion Nova,fashionnova.com,MISSING,,"Error: [Errno 8] nodename nor servname provided, or not k"
SHEIN,shein.com,MISSING,,"Error: [Errno 8] nodename nor servname provided, or not k"
Romwe,romwe.com,MISSING,,"Error: [Errno 8] nodename nor servname provided, or not k"
Zaful,zaful.com,MISSING,,"Error: [Errno 8] nodename nor servname provided, or not k"
Cider,shopcider.com,MISSING,,"Error: [Errno 8] nodename nor servname provided, or not k"
Princess Polly,princesspolly.com,MISSING,,"Error: [Errno 8] nodename nor servname provided, or not k"
Peppermayo,peppermayo.com,MISSING,,"Error: [Errno 8] nodename nor servname provided, or not k"
Showpo,showpo.com,MISSING,,"Error: [Errno 8] nodename nor servname provided, or not k"
White Fox Boutique,whitefoxboutique.com,MISSING,,"Error: [Errno 8] nodename nor servname provided, or not k"
Beginning Boutique,beginningboutique.com,MISSING,,"Error: [Errno 8] nodename nor servname provided, or not k"
Sabo Skirt,saboskirt.com,MISSING,,"Error: [Errno 8] nodename nor servname provided, or not k"
Tiger Mist,tigermist.com,MISSING,,"Error: [Errno 8] nodename nor servname provided, or not k"
Revolve,revolve.com,MISSING,,"Error: [Errno 8] nodename nor servname provided, or not k"
FWRD,fwrd.com,MISSING,,"Error: [Errno 8] nodename nor servname provided, or not k"
Shopbop,shopbop.com,MISSING,,"Error: [Errno 8] nodename nor servname provided, or not k"
Net-a-Porter,net-a-porter.com,MISSING,,"Error: [Errno 8] nodename nor servname provided, or not k"
Mytheresa,mytheresa.com,MISSING,,"Error: [Errno 8] nodename nor servname provided, or not k"
Farfetch,farfetch.com,MISSING,,"Error: [Errno 8] nodename nor servname provided, or not k"
SSENSE,ssense.com,MISSING,,"Error: [Errno 8] nodename nor servname provided, or not k"
Matches Fashion,matchesfashion.com,MISSING,,"Error: [Errno 8] nodename nor servname provided, or not k"
24S,24s.com,MISSING,,"Error: [Errno 8] nodename nor servname provided, or not k"
Luisaviaroma,luisaviaroma.com,MISSING,,"Error: [Errno 8] nodename nor servname provided, or not k"
Anthropologie,anthropologie.com,MISSING,,"Error: [Errno 8] nodename nor servname provided, or not k"
Free People,freepeople.com,MISSING,,"Error: [Errno 8] nodename nor servname provided, or not k"
Urban Outfitters,urbanoutfitters.com,MISSING,,"Error: [Errno 8] nodename nor servname provided, or not k"
Madewell,madewell.com,MISSING,,"Error: [Errno 8] nodename nor servname provided, or not k"
J.Crew,jcrew.com,MISSING,,"Error: [Errno 8] nodename nor servname provided, or not k"
J.Crew Factory,factory.jcrew.com,MISSING,,"Error: [Errno 8] nodename nor servname provided, or not k"
Everlane,everlane.com,MISSING,,"Error: [Errno 8] nodename nor servname provided, or not k"
Reformation,thereformation.com,MISSING,,"Error: [Errno 8] nodename nor servname provided, or not k"
Ganni,ganni.com,MISSING,,"Error: [Errno 8] nodename nor servname provided, or not k"
Staud,staud.clothing,MISSING,,"Error: [Errno 8] nodename nor servname provided, or not k"
Nanushka,nanushka.com,MISSING,,"Error: [Errno 8] nodename nor servname provided, or not k"
Réalisation Par,realisationpar.com,MISSING,,"Error: [Errno 8] nodename nor servname provided, or not k"
Rixo,rixo.co.uk,MISSING,,"Error: [Errno 8] nodename nor servname provided, or not k"
Rotate Birger Christensen,rotatebirgerchristensen.com,MISSING,,"Error: [Errno 8] nodename nor servname provided, or not k"
Jacquemus,jacquemus.com,MISSING,,"Error: [Errno 8] nodename nor servname provided, or not k"
Ami Paris,amiparis.com,MISSING,,"Error: [Errno 8] nodename nor servname provided, or not k"
Acne Studios,acnestudios.com,MISSING,,"Error: [Errno 8] nodename nor servname provided, or not k"
Lemaire,lemaire.fr,MISSING,,"Error: [Errno 8] nodename nor servname provided, or not k"
The Row,therow.com,MISSING,,"Error: [Errno 8] nodename nor servname provided, or not k"
Toteme,toteme-studio.com,MISSING,,"Error: [Errno 8] nodename nor servname provided, or not k"
Khaite,khaite.com,MISSING,,"Error: [Errno 8] nodename nor servname provided, or not k"
Theory,theory.com,MISSING,,"Error: [Errno 8] nodename nor servname provided, or not k"
Vince,vince.com,MISSING,,"Error: [Errno 8] nodename nor servname provided, or not k"
Rag & Bone,rag-bone.com,MISSING,,"Error: [Errno 8] nodename nor servname provided, or not k"
Equipment,equipment.fr,MISSING,,"Error: [Errno 8] nodename nor servname provided, or not k"
Frame,frame-store.com,MISSING,,"Error: [Errno 8] nodename nor servname provided, or not k"
Paige,paige.com,MISSING,,"Error: [Errno 8] nodename nor servname provided, or not k"
Veronica Beard,veronicabeard.com,MISSING,,"Error: [Errno 8] nodename nor servname provided, or not k"
L'Agence,lagencefashion.com,MISSING,,"Error: [Errno 8] nodename nor servname provided, or not k"
Alice + Olivia,aliceandolivia.com,MISSING,,"Error: [Errno 8] nodename nor servname provided, or not k"
Tory Burch,toryburch.com,MISSING,,"Error: [Errno 8] nodename nor servname provided, or not k"
Club Monaco,clubmonaco.com,MISSING,,"Error: [Errno 8] nodename nor servname provided, or not k"
Sandro,sandro-paris.com,MISSING,,"Error: [Errno 8] nodename nor servname provided, or not k"
Maje,maje.com,MISSING,,"Error: [Errno 8] nodename nor servname provided, or not k"
Claudie Pierlot,claudiepierlot.com,MISSING,,"Error: [Errno 8] nodename nor servname provided, or not k"
Ba&sh,ba-sh.com,MISSING,,"Error: [Errno 8] nodename nor servname provided, or not k"
The Kooples,thekooples.com,MISSING,,"Error: [Errno 8] nodename nor servname provided, or not k"
Reiss,reiss.com,MISSING,,"Error: [Errno 8] nodename nor servname provided, or not k"
AllSaints,allsaints.com,MISSING,,"Error: [Errno 8] nodename nor servname provided, or not k"
Ted Baker,tedbaker.com,MISSING,,"Error: [Errno 8] nodename nor servname provided, or not k"
Karen Millen,karenmillen.com,MISSING,,"Error: [Errno 8] nodename nor servname provided, or not k"
Whistles,whistles.com,MISSING,,"Error: [Errno 8] nodename nor servname provided, or not k"
Lululemon,lululemon.com,MISSING,,"Error: [Errno 8] nodename nor servname provided, or not k"
Athleta,athleta.com,MISSING,,"Error: [Errno 8] nodename nor servname provided, or not k"
Alo Yoga,aloyoga.com,MISSING,,"Error: [Errno 8] nodename nor servname provided, or not k"
Outdoor Voices,outdoorvoices.com,MISSING,,"Error: [Errno 8] nodename nor servname provided, or not k"
Girlfriend Collective,girlfriend.com,MISSING,,"Error: [Errno 8] nodename nor servname provided, or not k"
Nike,nike.com,MISSING,,"Error: [Errno 8] nodename nor servname provided, or not k"
Adidas,adidas.com,MISSING,,"Error: [Errno 8] nodename nor servname provided, or not k"
Puma,puma.com,MISSING,,"Error: [Errno 8] nodename nor servname provided, or not k"
Reebok,reebok.com,MISSING,,"Error: [Errno 8] nodename nor servname provided, or not k"
Under Armour,underarmour.com,MISSING,,"Error: [Errno 8] nodename nor servname provided, or not k"
Gymshark,gymshark.com,MISSING,,"Error: [Errno 8] nodename nor servname provided, or not k"
Fabletics,fabletics.com,MISSING,,"Error: [Errno 8] nodename nor servname provided, or not k"
Carbon38,carbon38.com,MISSING,,"Error: [Errno 8] nodename nor servname provided, or not k"
Bandier,bandier.com,MISSING,,"Error: [Errno 8] nodename nor servname provided, or not k"
P.E Nation,pe-nation.com,MISSING,,"Error: [Errno 8] nodename nor servname provided, or not k"
Set Active,setactive.co,MISSING,,"Error: [Errno 8] nodename nor servname provided, or not k"
Alo,aloyoga.com,MISSING,,"Error: [Errno 8] nodename nor servname provided, or not k"
Beyond Yoga,beyondyoga.com,MISSING,,"Error: [Errno 8] nodename nor servname provided, or not k"
Spiritual Gangster,spiritualgangster.com,MISSING,,"Error: [Errno 8] nodename nor servname provided, or not k"
Varley,varley.com,MISSING,,"Error: [Errno 8] nodename nor servname provided, or not k"
Live The Process,livetheprocess.com,MISSING,,"Error: [Errno 8] nodename nor servname provided, or not k"
Levi's,levis.com,MISSING,,"Error: [Errno 8] nodename nor servname provided, or not k"
AG Jeans,agjeans.com,MISSING,,"Error: [Errno 8] nodename nor servname provided, or not k"
Mother Denim,motherdenim.com,MISSING,,"Error: [Errno 8] nodename nor servname provided, or not k"
Good American,goodamerican.com,MISSING,,"Error: [Errno 8] nodename nor servname provided, or not k"
Agolde,agolde.com,MISSING,,"Error: [Errno 8] nodename nor servname provided, or not k"
Citizens of Humanity,citizensofhumanity.com,MISSING,,"Error: [Errno 8] nodename nor servname provided, or not k"
7 For All Mankind,7forallmankind.com,MISSING,,"Error: [Errno 8] nodename nor servname provided, or not k"
Joe's Jeans,joesjeans.com,MISSING,,"Error: [Errno 8] nodename nor servname provided, or not k"
DL1961,dl1961.com,MISSING,,"Error: [Errno 8] nodename nor servname provided, or not k"
RE/DONE,redone.com,MISSING,,"Error: [Errno 8] nodename nor servname provided, or not k"
Boyish Jeans,boyish.com,MISSING,,"Error: [Errno 8] nodename nor servname provided, or not k"
Grlfrnd,grlfrnd.com,MISSING,,"Error: [Errno 8] nodename nor servname provided, or not k"
Lulus,lulus.com,MISSING,,"Error: [Errno 8] nodename nor servname provided, or not k"
Show Me Your MuMu,showmeyourmumu.com,MISSING,,"Error: [Errno 8] nodename nor servname provided, or not k"
For Love and Lemons,forloveandlemons.com,MISSING,,"Error: [Errno 8] nodename nor servname provided, or not k"
Cult Gaia,cultgaia.com,MISSING,,"Error: [Errno 8] nodename nor servname provided, or not k"
Zimmermann,zimmermannwear.com,MISSING,,"Error: [Errno 8] nodename nor servname provided, or not k"
FARM Rio,farmrio.com,MISSING,,"Error: [Errno 8] nodename nor servname provided, or not k"
Faithfull The Brand,faithfullthebrand.com,MISSING,,"Error: [Errno 8] nodename nor servname provided, or not k"
Spell,spell.co,MISSING,,"Error: [Errno 8] nodename nor servname provided, or not k"
Mara Hoffman,marahoffman.com,MISSING,,"Error: [Errno 8] nodename nor servname provided, or not k"
Lisa Marie Fernandez,lisamariefernandez.com,MISSING,,"Error: [Errno 8] nodename nor servname provided, or not k"
Solid & Striped,solidandstriped.com,MISSING,,"Error: [Errno 8] nodename nor servname provided, or not k"
Frankies Bikinis,frankiesbikinis.com,MISSING,,"Error: [Errno 8] nodename nor servname provided, or not k"
Vitamin A,vitaminaswim.com,MISSING,,"Error: [Errno 8] nodename nor servname provided, or not k"
Mikoh,mikohs wear.com,MISSING,,Error: URL can't contain control characters. '/mikohs wea
L*Space,lspace.com,MISSING,,"Error: [Errno 8] nodename nor servname provided, or not k"
Seafolly,seafolly.com,MISSING,,"Error: [Errno 8] nodename nor servname provided, or not k"
Triangl,triangl.com,MISSING,,"Error: [Errno 8] nodename nor servname provided, or not k"
Montce,montce.com,MISSING,,"Error: [Errno 8] nodename nor servname provided, or not k"
Jade Swim,jadeswim.com,MISSING,,"Error: [Errno 8] nodename nor servname provided, or not k"
Bound by Bond-Eye,boundbythebeach.com,MISSING,,"Error: [Errno 8] nodename nor servname provided, or not k"
Hunza G,hunzag.com,MISSING,,"Error: [Errno 8] nodename nor servname provided, or not k"
Aerie,ae.com/aerie,MISSING,,"Error: [Errno 8] nodename nor servname provided, or not k"
Steve Madden,stevemadden.com,MISSING,,"Error: [Errno 8] nodename nor servname provided, or not k"
Sam Edelman,samedelman.com,MISSING,,"Error: [Errno 8] nodename nor servname provided, or not k"
Dolce Vita,dolcevita.com,MISSING,,"Error: [Errno 8] nodename nor servname provided, or not k"
Marc Fisher,marcfisherfootwear.com,MISSING,,"Error: [Errno 8] nodename nor servname provided, or not k"
Stuart Weitzman,stuartweitzman.com,MISSING,,"Error: [Errno 8] nodename nor servname provided, or not k"
Aquazzura,aquazzura.com,MISSING,,"Error: [Errno 8] nodename nor servname provided, or not k"
Vince Camuto,vincecamuto.com,MISSING,,"Error: [Errno 8] nodename nor servname provided, or not k"
Nine West,ninewest.com,MISSING,,"Error: [Errno 8] nodename nor servname provided, or not k"
Naturalizer,naturalizer.com,MISSING,,"Error: [Errno 8] nodename nor servname provided, or not k"
Cole Haan,colehaan.com,MISSING,,"Error: [Errno 8] nodename nor servname provided, or not k"
Rothy's,rothys.com,MISSING,,"Error: [Errno 8] nodename nor servname provided, or not k"
Allbirds,allbirds.com,MISSING,,"Error: [Errno 8] nodename nor servname provided, or not k"
Veja,veja-store.com,MISSING,,"Error: [Errno 8] nodename nor servname provided, or not k"
Dr. Martens,drmartens.com,MISSING,,"Error: [Errno 8] nodename nor servname provided, or not k"
Birkenstock,birkenstock.com,MISSING,,"Error: [Errno 8] nodename nor servname provided, or not k"
Teva,teva.com,MISSING,,"Error: [Errno 8] nodename nor servname provided, or not k"
Crocs,crocs.com,MISSING,,"Error: [Errno 8] nodename nor servname provided, or not k"
UGG,ugg.com,MISSING,,"Error: [Errno 8] nodename nor servname provided, or not k"
Sorel,sorel.com,MISSING,,"Error: [Errno 8] nodename nor servname provided, or not k"
Golden Goose,goldengoosedeluxebrand.com,MISSING,,"Error: [Errno 8] nodename nor servname provided, or not k"
Common Projects,commonprojects.com,MISSING,,"Error: [Errno 8] nodename nor servname provided, or not k"
APL,athleticpropulsionlabs.com,MISSING,,"Error: [Errno 8] nodename nor servname provided, or not k"
Tory Burch Shoes,toryburch.com,MISSING,,"Error: [Errno 8] nodename nor servname provided, or not k"
Kate Spade,katespade.com,MISSING,,"Error: [Errno 8] nodename nor servname provided, or not k"
Coach,coach.com,MISSING,,"Error: [Errno 8] nodename nor servname provided, or not k"
Michael Kors,michaelkors.com,MISSING,,"Error: [Errno 8] nodename nor servname provided, or not k"
Rebecca Minkoff,rebeccaminkoff.com,MISSING,,"Error: [Errno 8] nodename nor servname provided, or not k"
Strathberry,strathberry.com,MISSING,,"Error: [Errno 8] nodename nor servname provided, or not k"
Polene,polene-paris.com,MISSING,,"Error: [Errno 8] nodename nor servname provided, or not k"
DeMellier,demellierlondon.com,MISSING,,"Error: [Errno 8] nodename nor servname provided, or not k"
Cuyana,cuyana.com,MISSING,,"Error: [Errno 8] nodename nor servname provided, or not k"
Senreve,senreve.com,MISSING,,"Error: [Errno 8] nodename nor servname provided, or not k"
Mansur Gavriel,mansurgavriel.com,MISSING,,"Error: [Errno 8] nodename nor servname provided, or not k"
Staud Bags,staud.clothing,MISSING,,"Error: [Errno 8] nodename nor servname provided, or not k"
Wandler,wandler.com,MISSING,,"Error: [Errno 8] nodename nor servname provided, or not k"
By Far,byfar.com,MISSING,,"Error: [Errno 8] nodename nor servname provided, or not k"
Ratio et Motus,ratioetmotus.com,MISSING,,"Error: [Errno 8] nodename nor servname provided, or not k"
Mejuri,mejuri.com,MISSING,,"Error: [Errno 8] nodename nor servname provided, or not k"
AUrate,auratenewyork.com,MISSING,,"Error: [Errno 8] nodename nor servname provided, or not k"
Catbird,catbirdnyc.com,MISSING,,"Error: [Errno 8] nodename nor servname provided, or not k"
Gorjana,gorjana.com,MISSING,,"Error: [Errno 8] nodename nor servname provided, or not k"
Kendra Scott,kendrascott.com,MISSING,,"Error: [Errno 8] nodename nor servname provided, or not k"
Monica Vinader,monicavinader.com,MISSING,,"Error: [Errno 8] nodename nor servname provided, or not k"
Missoma,missoma.com,MISSING,,"Error: [Errno 8] nodename nor servname provided, or not k"
Baublebar,baublebar.com,MISSING,,"Error: [Errno 8] nodename nor servname provided, or not k"
Uncommon James,uncommonjames.com,MISSING,,"Error: [Errno 8] nodename nor servname provided, or not k"
Jennifer Fisher,jenniferfisherjewelry.com,MISSING,,"Error: [Errno 8] nodename nor servname provided, or not k"
Anine Bing,aninebing.com,MISSING,,"Error: [Errno 8] nodename nor servname provided, or not k"
Rails,railsclothing.com,MISSING,,"Error: [Errno 8] nodename nor servname provided, or not k"
L'Academie,revolve.com/lacademie,MISSING,,"Error: [Errno 8] nodename nor servname provided, or not k"
Lioness,lioness.com,MISSING,,"Error: [Errno 8] nodename nor servname provided, or not k"
Motel Rocks,motelrocks.com,MISSING,,"Error: [Errno 8] nodename nor servname provided, or not k"
Meshki,meshki.com.au,MISSING,,"Error: [Errno 8] nodename nor servname provided, or not k"
House of CB,houseofcb.com,MISSING,,"Error: [Errno 8] nodename nor servname provided, or not k"
Edikted,edikted.com,MISSING,,"Error: [Errno 8] nodename nor servname provided, or not k"
SKIMS,skims.com,MISSING,,"Error: [Errno 8] nodename nor servname provided, or not k"
Savage x Fenty,savagex.com,MISSING,,"Error: [Errno 8] nodename nor servname provided, or not k"
ThirdLove,thirdlove.com,MISSING,,"Error: [Errno 8] nodename nor servname provided, or not k"
True & Co,trueandco.com,MISSING,,"Error: [Errno 8] nodename nor servname provided, or not k"
Lively,wearlively.com,MISSING,,"Error: [Errno 8] nodename nor servname provided, or not k"
Victoria's Secret,victoriassecret.com,MISSING,,"Error: [Errno 8] nodename nor servname provided, or not k"
Aerie,ae.com/aerie,MISSING,,"Error: [Errno 8] nodename nor servname provided, or not k"
Hanky Panky,hankypanky.com,MISSING,,"Error: [Errno 8] nodename nor servname provided, or not k"
Cosabella,cosabella.com,MISSING,,"Error: [Errno 8] nodename nor servname provided, or not k"
Eberjey,eberjey.com,MISSING,,"Error: [Errno 8] nodename nor servname provided, or not k"
Jenni Kayne,jennikayne.com,MISSING,,"Error: [Errno 8] nodename nor servname provided, or not k"
Quince,quince.com,MISSING,,"Error: [Errno 8] nodename nor servname provided, or not k"
Italic,italic.com,MISSING,,"Error: [Errno 8] nodename nor servname provided, or not k"
ABLE,livefashionable.com,MISSING,,"Error: [Errno 8] nodename nor servname provided, or not k"
Nisolo,nisolo.com,MISSING,,"Error: [Errno 8] nodename nor servname provided, or not k"
Eileen Fisher,eileenfisher.com,MISSING,,"Error: [Errno 8] nodename nor servname provided, or not k"
Amour Vert,amourvert.com,MISSING,,"Error: [Errno 8] nodename nor servname provided, or not k"
Christy Dawn,christydawn.com,MISSING,,"Error: [Errno 8] nodename nor servname provided, or not k"
Whimsy + Row,whimsyandrow.com,MISSING,,"Error: [Errno 8] nodename nor servname provided, or not k"
M.M.LaFleur,mmlafleur.com,MISSING,,"Error: [Errno 8] nodename nor servname provided, or not k"
Argent,argentwork.com,MISSING,,"Error: [Errno 8] nodename nor servname provided, or not k"
Babaa,babaa.es,MISSING,,"Error: [Errno 8] nodename nor servname provided, or not k"
Kotn,kotn.com,MISSING,,"Error: [Errno 8] nodename nor servname provided, or not k"
StyleNanda,stylenanda.com,MISSING,,"Error: [Errno 8] nodename nor servname provided, or not k"
Chuu,chuu.co.kr,MISSING,,"Error: [Errno 8] nodename nor servname provided, or not k"
Mixxmix,mixxmix.us,MISSING,,"Error: [Errno 8] nodename nor servname provided, or not k"
Stylenanda 3CE,stylenanda.com,MISSING,,"Error: [Errno 8] nodename nor servname provided, or not k"
Ader Error,adererror.com,MISSING,,"Error: [Errno 8] nodename nor servname provided, or not k"
Andersson Bell,anderssonbell.com,MISSING,,"Error: [Errno 8] nodename nor servname provided, or not k"
Rocket X Lunch,rocketxlunch.com,MISSING,,"Error: [Errno 8] nodename nor servname provided, or not k"
Nerdy,nerdy.co.kr,MISSING,,"Error: [Errno 8] nodename nor servname provided, or not k"
Romantic Crown,romanticcrown.com,MISSING,,"Error: [Errno 8] nodename nor servname provided, or not k"
Sculptor,sculptorworld.com,MISSING,,"Error: [Errno 8] nodename nor servname provided, or not k"
W Concept,wconcept.com,MISSING,,"Error: [Errno 8] nodename nor servname provided, or not k"
Kooding,kooding.com,MISSING,,"Error: [Errno 8] nodename nor servname provided, or not k"
YesStyle,yesstyle.com,MISSING,,"Error: [Errno 8] nodename nor servname provided, or not k"
Stylevana,stylevana.com,MISSING,,"Error: [Errno 8] nodename nor servname provided, or not k"
Naked Wardrobe,nakedwardrobe.com,MISSING,,"Error: [Errno 8] nodename nor servname provided, or not k"
Oh Polly,ohpolly.com,MISSING,,"Error: [Errno 8] nodename nor servname provided, or not k"
I.AM.GIA,iamgia.com,MISSING,,"Error: [Errno 8] nodename nor servname provided, or not k"
The Frankie Shop,thefrankieshop.com,MISSING,,"Error: [Errno 8] nodename nor servname provided, or not k"
Aritzia,aritzia.com,MISSING,,"Error: [Errno 8] nodename nor servname provided, or not k"
TNA,aritzia.com/tna,MISSING,,"Error: [Errno 8] nodename nor servname provided, or not k"
Wilfred,aritzia.com/wilfred,MISSING,,"Error: [Errno 8] nodename nor servname provided, or not k"
Babaton,aritzia.com/babaton,MISSING,,"Error: [Errno 8] nodename nor servname provided, or not k"
Sunday Best,aritzia.com/sunday-best,MISSING,,"Error: [Errno 8] nodename nor servname provided, or not k"
Oak + Fort,oakandfort.com,MISSING,,"Error: [Errno 8] nodename nor servname provided, or not k"
Aritzia Denim Forum,aritzia.com/denim-forum,MISSING,,"Error: [Errno 8] nodename nor servname provided, or not k"
Dynamite,dynamiteclothing.com,MISSING,,"Error: [Errno 8] nodename nor servname provided, or not k"
Garage,garageclothing.com,MISSING,,"Error: [Errno 8] nodename nor servname provided, or not k"
Simons,simons.ca,MISSING,,"Error: [Errno 8] nodename nor servname provided, or not k"
SMYTHE,smythecollection.com,MISSING,,"Error: [Errno 8] nodename nor servname provided, or not k"
Aritizia's Auxiliary,aritzia.com/auxiliary,MISSING,,"Error: [Errno 8] nodename nor servname provided, or not k"
Community,aritzia.com/community,MISSING,,"Error: [Errno 8] nodename nor servname provided, or not k"
Scanlan Theodore,scanlantheo dore.com,MISSING,,Error: URL can't contain control characters. '/scanlanthe
Camilla and Marc,camillaandmarc.com,MISSING,,"Error: [Errno 8] nodename nor servname provided, or not k"
Bec + Bridge,becandbridge.com.au,MISSING,,"Error: [Errno 8] nodename nor servname provided, or not k"
Alice McCall,alicemccall.com,MISSING,,"Error: [Errno 8] nodename nor servname provided, or not k"
Sir The Label,sirthelabel.com,MISSING,,"Error: [Errno 8] nodename nor servname provided, or not k"
Significant Other,significantother.com.au,MISSING,,"Error: [Errno 8] nodename nor servname provided, or not k"
Shona Joy,shonajoy.com.au,MISSING,,"Error: [Errno 8] nodename nor servname provided, or not k"
Sass & Bide,sassandbide.com,MISSING,,"Error: [Errno 8] nodename nor servname provided, or not k"
Zimmermann,zimmermannwear.com,MISSING,,"Error: [Errno 8] nodename nor servname provided, or not k"
Bassike,bassike.com,MISSING,,"Error: [Errno 8] nodename nor servname provided, or not k"
Aje,ajeworld.com.au,MISSING,,"Error: [Errno 8] nodename nor servname provided, or not k"
Dion Lee,dionlee.com,MISSING,,"Error: [Errno 8] nodename nor servname provided, or not k"
Hansen & Gretel,hansenandgretel.com,MISSING,,"Error: [Errno 8] nodename nor servname provided, or not k"
Matteau,matteau.com,MISSING,,"Error: [Errno 8] nodename nor servname provided, or not k"
Esse Studios,essestudios.com,MISSING,,"Error: [Errno 8] nodename nor servname provided, or not k"
Paris Georgia,parisgeorgia.com,MISSING,,"Error: [Errno 8] nodename nor servname provided, or not k"
Third Form,thirdform.com.au,MISSING,,"Error: [Errno 8] nodename nor servname provided, or not k"
The Upside,theupsidesport.com,MISSING,,"Error: [Errno 8] nodename nor servname provided, or not k"
P.E Nation,pe-nation.com,MISSING,,"Error: [Errno 8] nodename nor servname provided, or not k"
Double Rainbouu,doublerainbouu.com,MISSING,,"Error: [Errno 8] nodename nor servname provided, or not k"
Rowie,rowie.com.au,MISSING,,"Error: [Errno 8] nodename nor servname provided, or not k"
Rue Stiic,ruestiic.com,MISSING,,"Error: [Errno 8] nodename nor servname provided, or not k"
Mara & Mine,maraandmine.com.au,MISSING,,"Error: [Errno 8] nodename nor servname provided, or not k"
Dissh,dissh.com.au,MISSING,,"Error: [Errno 8] nodename nor servname provided, or not k"
Stelly,stellyclothing.com,MISSING,,"Error: [Errno 8] nodename nor servname provided, or not k"
Runaway The Label,runawaythelabel.com,MISSING,,"Error: [Errno 8] nodename nor servname provided, or not k"
Hello Molly,hellomolly.com,MISSING,,"Error: [Errno 8] nodename nor servname provided, or not k"
Meshki,meshki.com.au,MISSING,,"Error: [Errno 8] nodename nor servname provided, or not k"
Sabina Musayev,sabinamusayev.com,MISSING,,"Error: [Errno 8] nodename nor servname provided, or not k"
Cinq à Sept,cinqasept.com,MISSING,,"Error: [Errno 8] nodename nor servname provided, or not k"
A.L.C.,alcltd.com,MISSING,,"Error: [Errno 8] nodename nor servname provided, or not k"
Ulla Johnson,ullajohnson.com,MISSING,,"Error: [Errno 8] nodename nor servname provided, or not k"
Jonathan Simkhai,jonathansimkhai.com,MISSING,,"Error: [Errno 8] nodename nor servname provided, or not k"
Rebecca Taylor,rebeccataylor.com,MISSING,,"Error: [Errno 8] nodename nor servname provided, or not k"
Parker NY,parkern y.com,MISSING,,Error: URL can't contain control characters. '/parkern y.
Yumi Kim,yumikim.com,MISSING,,"Error: [Errno 8] nodename nor servname provided, or not k"
Joie,joie.com,MISSING,,"Error: [Errno 8] nodename nor servname provided, or not k"
Vince,vince.com,MISSING,,"Error: [Errno 8] nodename nor servname provided, or not k"
Splendid,splendid.com,MISSING,,"Error: [Errno 8] nodename nor servname provided, or not k"
James Perse,jamesperse.com,MISSING,,"Error: [Errno 8] nodename nor servname provided, or not k"
ATM Anthony Thomas Melillo,atmanth onyth omasmelillo.com,MISSING,,Error: URL can't contain control characters. '/atmanth on
LNA,lnabrand.com,MISSING,,"Error: [Errno 8] nodename nor servname provided, or not k"
Velvet,velvet-tees.com,MISSING,,"Error: [Errno 8] nodename nor servname provided, or not k"
Current/Elliott,currentelliott.com,MISSING,,"Error: [Errno 8] nodename nor servname provided, or not k"
Hudson Jeans,hudsonjeans.com,MISSING,,"Error: [Errno 8] nodename nor servname provided, or not k"
Flying Monkey,flyingmonkeyusa.com,MISSING,,"Error: [Errno 8] nodename nor servname provided, or not k"
Blank NYC,blanknyc.com,MISSING,,"Error: [Errno 8] nodename nor servname provided, or not k"
KanCan,kancanusa.com,MISSING,,"Error: [Errno 8] nodename nor servname provided, or not k"
Pistola,pistolajean.com,MISSING,,"Error: [Errno 8] nodename nor servname provided, or not k"
Habitual,habitual-la.com,MISSING,,"Error: [Errno 8] nodename nor servname provided, or not k"
L'Agence Denim,lagencefashion.com,MISSING,,"Error: [Errno 8] nodename nor servname provided, or not k"
Veronica Beard Jeans,veronicabeard.com/jeans,MISSING,,"Error: [Errno 8] nodename nor servname provided, or not k"
AYR,ayr.com,MISSING,,"Error: [Errno 8] nodename nor servname provided, or not k"
Dôen,shopdoen.com,MISSING,,"Error: [Errno 8] nodename nor servname provided, or not k"
Hill House Home,hillhousehome.com,MISSING,,"Error: [Errno 8] nodename nor servname provided, or not k"
LoveShackFancy,loveshackfancy.com,MISSING,,"Error: [Errno 8] nodename nor servname provided, or not k"
Sleeper,sleeper.com,MISSING,,"Error: [Errno 8] nodename nor servname provided, or not k"
LESET,leset.com,MISSING,,"Error: [Errno 8] nodename nor servname provided, or not k"
The Great,thisisthegreat.com,MISSING,,"Error: [Errno 8] nodename nor servname provided, or not k"
Mother of Pearl,motherofpearl.co.uk,MISSING,,"Error: [Errno 8] nodename nor servname provided, or not k"
Maggie Marilyn,maggiemarilyn.com,MISSING,,"Error: [Errno 8] nodename nor servname provided, or not k"
Simkhai,simkhai.com,MISSING,,"Error: [Errno 8] nodename nor servname provided, or not k"
Nanette Lepore,nanettele pore.com,MISSING,,Error: URL can't contain control characters. '/nanettele 
Tanya Taylor,tanyataylor.com,MISSING,,"Error: [Errno 8] nodename nor servname provided, or not k"
Mara Hoffman,marahoffman.com,MISSING,,"Error: [Errno 8] nodename nor servname provided, or not k"
La Vie Style House,laviestylehouse.com,MISSING,,"Error: [Errno 8] nodename nor servname provided, or not k"
Farm Rio,farmrio.com,MISSING,,"Error: [Errno 8] nodename nor servname provided, or not k"
Lele Sadoughi,lelesadoughi.com,MISSING,,"Error: [Errno 8] nodename nor servname provided, or not k"
Clare V,clarev.com,MISSING,,"Error: [Errno 8] nodename nor servname provided, or not k"
Loeffler Randall,loefflerrandall.com,MISSING,,"Error: [Errno 8] nodename nor servname provided, or not k"
Marysia,marysia.com,MISSING,,"Error: [Errno 8] nodename nor servname provided, or not k"
Onia,onia.com,MISSING,,"Error: [Errno 8] nodename nor servname provided, or not k"
Made by Dawn,madebydawn.com,MISSING,,"Error: [Errno 8] nodename nor servname provided, or not k"
Agua Bendita,aguabyaguabendita.com,MISSING,,"Error: [Errno 8] nodename nor servname provided, or not k"
ViX Paula Hermanny,vixpaulahermanny.com,MISSING,,"Error: [Errno 8] nodename nor servname provided, or not k"
Suboo,suboo.com.au,MISSING,,"Error: [Errno 8] nodename nor servname provided, or not k"
Lenni the Label,lennit helabel.com.au,MISSING,,Error: URL can't contain control characters. '/lennit hel
Monday Swimwear,mondayswimwear.com,MISSING,,"Error: [Errno 8] nodename nor servname provided, or not k"
Kiini,kiini.com,MISSING,,"Error: [Errno 8] nodename nor servname provided, or not k"
Oseree,oseree.com,MISSING,,"Error: [Errno 8] nodename nor servname provided, or not k"
Andrea Iyamah,andreaiyamah.com,MISSING,,"Error: [Errno 8] nodename nor servname provided, or not k"
Mara Hoffman Swim,marahoffmanswim.com,MISSING,,"Error: [Errno 8] nodename nor servname provided, or not k"
Beth Richards,bethrichards.com,MISSING,,"Error: [Errno 8] nodename nor servname provided, or not k"
Ganni Swimwear,ganni.com/swim,MISSING,,"Error: [Errno 8] nodename nor servname provided, or not k"
Solid & Striped,solidandstriped.com,MISSING,,"Error: [Errno 8] nodename nor servname provided, or not k"
Hunza G,hunzag.com,MISSING,,"Error: [Errno 8] nodename nor servname provided, or not k"
Jade Swim,jadeswim.com,MISSING,,"Error: [Errno 8] nodename nor servname provided, or not k"
Ozero Swimwear,ozeroswim.com,MISSING,,"Error: [Errno 8] nodename nor servname provided, or not k"
Abysse,abyssewear.com,MISSING,,"Error: [Errno 8] nodename nor servname provided, or not k"
Tropic of C,tropicof-c.com,MISSING,,"Error: [Errno 8] nodename nor servname provided, or not k"
Peony,peonysw imwear.com,MISSING,,Error: URL can't contain control characters. '/peonysw im
Land of Women,landofwomen.com,MISSING,,"Error: [Errno 8] nodename nor servname provided, or not k"
Paloma Wool,palomawool.com,MISSING,,"Error: [Errno 8] nodename nor servname provided, or not k"
Paloma Blue,palomablue.com,MISSING,,"Error: [Errno 8] nodename nor servname provided, or not k"
Rouje,rouje.com,MISSING,,"Error: [Errno 8] nodename nor servname provided, or not k"
Sézane,sezane.com,MISSING,,"Error: [Errno 8] nodename nor servname provided, or not k"
& Daughter,anddaughter.com,MISSING,,"Error: [Errno 8] nodename nor servname provided, or not k"
Extreme Cashmere,extremecashmere.com,MISSING,,"Error: [Errno 8] nodename nor servname provided, or not k"
Tibi,tibi.com,MISSING,,"Error: [Errno 8] nodename nor servname provided, or not k"
Derek Lam 10 Crosby,dereklam.com,MISSING,,"Error: [Errno 8] nodename nor servname provided, or not k"
Proenza Schouler,proenzaschouler.com,MISSING,,"Error: [Errno 8] nodename nor servname provided, or not k"
The Range,therange.la,MISSING,,"Error: [Errno 8] nodename nor servname provided, or not k"
Frankie Shop,thefrankieshop.com,MISSING,,"Error: [Errno 8] nodename nor servname provided, or not k"
Gauge81,gauge81.com,MISSING,,"Error: [Errno 8] nodename nor servname provided, or not k"
Bevza,bevza.com,MISSING,,"Error: [Errno 8] nodename nor servname provided, or not k"
Pyer Moss,pyermoss.com,MISSING,,"Error: [Errno 8] nodename nor servname provided, or not k"
Wales Bonner,walesbonner.net,MISSING,,"Error: [Errno 8] nodename nor servname provided, or not k"
Matty Bovan,mattybovan.com,MISSING,,"Error: [Errno 8] nodename nor servname provided, or not k"
Marine Serre,marineserre.com,MISSING,,"Error: [Errno 8] nodename nor servname provided, or not k"
Bode,bodenewyork.com,MISSING,,"Error: [Errno 8] nodename nor servname provided, or not k"
Chopova Lowena,chopovalowena.com,MISSING,,"Error: [Errno 8] nodename nor servname provided, or not k"
Poster Girl,postergirl.co.uk,MISSING,,"Error: [Errno 8] nodename nor servname provided, or not k"
Di Petsa,dipetsa.com,MISSING,,"Error: [Errno 8] nodename nor servname provided, or not k"
LaQuan Smith,laquansmith.com,MISSING,,"Error: [Errno 8] nodename nor servname provided, or not k"
Christopher John Rogers,christopherjohnrogers.com,MISSING,,"Error: [Errno 8] nodename nor servname provided, or not k"
Chromat,chromat.co,MISSING,,"Error: [Errno 8] nodename nor servname provided, or not k"
Markarian,markarian.nyc,MISSING,,"Error: [Errno 8] nodename nor servname provided, or not k"
Adam Lippes,adamlippes.com,MISSING,,"Error: [Errno 8] nodename nor servname provided, or not k"
Brandon Maxwell,brandonmaxwell.com,MISSING,,"Error: [Errno 8] nodename nor servname provided, or not k"
Monse,monse.com,MISSING,,"Error: [Errno 8] nodename nor servname provided, or not k"
Sandy Liang,sandyliang.info,MISSING,,"Error: [Errno 8] nodename nor servname provided, or not k"
Susan Alexandra,susanalexandra.com,MISSING,,"Error: [Errno 8] nodename nor servname provided, or not k"
Edie Parker,edieparker.com,MISSING,,"Error: [Errno 8] nodename nor servname provided, or not k"
Rachel Comey,rachelcomey.com,MISSING,,"Error: [Errno 8] nodename nor servname provided, or not k"
Brock Collection,brockcollection.com,MISSING,,"Error: [Errno 8] nodename nor servname provided, or not k"
Rejina Pyo,rejinapyo.com,MISSING,,"Error: [Errno 8] nodename nor servname provided, or not k"
Emilia Wickstead,emiliawickstead.com,MISSING,,"Error: [Errno 8] nodename nor servname provided, or not k"
Roksanda,roksanda.com,MISSING,,"Error: [Errno 8] nodename nor servname provided, or not k"
Simone Rocha,simonerocha.com,MISSING,,"Error: [Errno 8] nodename nor servname provided, or not k"
Molly Goddard,mollygoddard.com,MISSING,,"Error: [Errno 8] nodename nor servname provided, or not k"
Richard Quinn,richardquinn.com,MISSING,,"Error: [Errno 8] nodename nor servname provided, or not k"
Victoria Beckham,victoriabeckham.com,MISSING,,"Error: [Errno 8] nodename nor servname provided, or not k"
Stella McCartney,stellamccartney.com,MISSING,,"Error: [Errno 8] nodename nor servname provided, or not k"
Self-Portrait,self-portrait-studio.com,MISSING,,"Error: [Errno 8] nodename nor servname provided, or not k"
Needle & Thread,needleandthread.com,MISSING,,"Error: [Errno 8] nodename nor servname provided, or not k"
Temperley London,temperleylondon.com,MISSING,,"Error: [Errno 8] nodename nor servname provided, or not k"
Erdem,erdem.com,MISSING,,"Error: [Errno 8] nodename nor servname provided, or not k"
Mary Katrantzou,marykatrantzou.com,MISSING,,"Error: [Errno 8] nodename nor servname provided, or not k"
Delpozo,delpozo.com,MISSING,,"Error: [Errno 8] nodename nor servname provided, or not k"
Loewe,loewe.com,MISSING,,"Error: [Errno 8] nodename nor servname provided, or not k"
Isabel Marant,isabelmarant.com,MISSING,,"Error: [Errno 8] nodename nor servname provided, or not k"
Étoile Isabel Marant,isabelmarant.com/etoile,MISSING,,"Error: [Errno 8] nodename nor servname provided, or not k"
IRO,iro.fr,MISSING,,"Error: [Errno 8] nodename nor servname provided, or not k"
Zadig & Voltaire,zadig-et-voltaire.com,MISSING,,"Error: [Errno 8] nodename nor servname provided, or not k"
APC,apc-us.com,MISSING,,"Error: [Errno 8] nodename nor servname provided, or not k"
Rouje,rouje.com,MISSING,,"Error: [Errno 8] nodename nor servname provided, or not k"
Sézane,sezane.com,MISSING,,"Error: [Errno 8] nodename nor servname provided, or not k"
Rime Arodaky,rimearodaky.com,MISSING,,"Error: [Errno 8] nodename nor servname provided, or not k"
Chloé,chloe.com,MISSING,,"Error: [Errno 8] nodename nor servname provided, or not k"
Saint Laurent,ysl.com,MISSING,,"Error: [Errno 8] nodename nor servname provided, or not k"
Balmain,balmain.com,MISSING,,"Error: [Errno 8] nodename nor servname provided, or not k"
Givenchy,givenchy.com,MISSING,,"Error: [Errno 8] nodename nor servname provided, or not k"
Dior,dior.com,MISSING,,"Error: [Errno 8] nodename nor servname provided, or not k"
Hermès,hermes.com,MISSING,,"Error: [Errno 8] nodename nor servname provided, or not k"
Louis Vuitton,louisvuitton.com,MISSING,,"Error: [Errno 8] nodename nor servname provided, or not k"
Chanel,chanel.com,MISSING,,"Error: [Errno 8] nodename nor servname provided, or not k"
Céline,celine.com,MISSING,,"Error: [Errno 8] nodename nor servname provided, or not k"
Valentino,valentino.com,MISSING,,"Error: [Errno 8] nodename nor servname provided, or not k"
Gucci,gucci.com,MISSING,,"Error: [Errno 8] nodename nor servname provided, or not k"
Prada,prada.com,MISSING,,"Error: [Errno 8] nodename nor servname provided, or not k"
Miu Miu,miumiu.com,MISSING,,"Error: [Errno 8] nodename nor servname provided, or not k"
Bottega Veneta,bottegaveneta.com,MISSING,,"Error: [Errno 8] nodename nor servname provided, or not k"
Fendi,fendi.com,MISSING,,"Error: [Errno 8] nodename nor servname provided, or not k"
Versace,versace.com,MISSING,,"Error: [Errno 8] nodename nor servname provided, or not k"
Dolce & Gabbana,dolcegabbana.com,MISSING,,"Error: [Errno 8] nodename nor servname provided, or not k"
Salvatore Ferragamo,ferragamo.com,MISSING,,"Error: [Errno 8] nodename nor servname provided, or not k"
Tod's,tods.com,MISSING,,"Error: [Errno 8] nodename nor servname provided, or not k"
Max Mara,maxmara.com,MISSING,,"Error: [Errno 8] nodename nor servname provided, or not k"
Weekend Max Mara,weekendmaxmara.com,MISSING,,"Error: [Errno 8] nodename nor servname provided, or not k"
Brunello Cucinelli,brunellocucinelli.com,MISSING,,"Error: [Errno 8] nodename nor servname provided, or not k"
Loro Piana,loropiana.com,MISSING,,"Error: [Errno 8] nodename nor servname provided, or not k"
Etro,etro.com,MISSING,,"Error: [Errno 8] nodename nor servname provided, or not k"
Missoni,missoni.com,MISSING,,"Error: [Errno 8] nodename nor servname provided, or not k"
Marni,marni.com,MISSING,,"Error: [Errno 8] nodename nor servname provided, or not k"
Jil Sander,jilsander.com,MISSING,,"Error: [Errno 8] nodename nor servname provided, or not k"
Hugo Boss,hugoboss.com,MISSING,,"Error: [Errno 8] nodename nor servname provided, or not k"
Closed,closed.com,MISSING,,"Error: [Errno 8] nodename nor servname provided, or not k"
Wolford,wolford.com,MISSING,,"Error: [Errno 8] nodename nor servname provided, or not k"
Falke,falke.com,MISSING,,"Error: [Errno 8] nodename nor servname provided, or not k"
Calzedonia,calzedonia.com,MISSING,,"Error: [Errno 8] nodename nor servname provided, or not k"
Intimissimi,intimissimi.com,MISSING,,"Error: [Errno 8] nodename nor servname provided, or not k"
Tezenis,tezenis.com,MISSING,,"Error: [Errno 8] nodename nor servname provided, or not k"
La Perla,laperla.com,MISSING,,"Error: [Errno 8] nodename nor servname provided, or not k"
Agent Provocateur,agentprovocateur.com,MISSING,,"Error: [Errno 8] nodename nor servname provided, or not k"
Fleur du Mal,fleurdumal.com,MISSING,,"Error: [Errno 8] nodename nor servname provided, or not k"
Journelle,journelle.com,MISSING,,"Error: [Errno 8] nodename nor servname provided, or not k"
Only Hearts,onlyhearts.com,MISSING,,"Error: [Errno 8] nodename nor servname provided, or not k"
The Great Eros,thegreateros.com,MISSING,,"Error: [Errno 8] nodename nor servname provided, or not k"
Lonely,lonelylabel.com,MISSING,,"Error: [Errno 8] nodename nor servname provided, or not k"
Love Stories,lovestoriesintimates.com,MISSING,,"Error: [Errno 8] nodename nor servname provided, or not k"
Spell & The Gypsy Collective,spell.co,MISSING,,"Error: [Errno 8] nodename nor servname provided, or not k"
Auguste The Label,augustethelabel.com,MISSING,,"Error: [Errno 8] nodename nor servname provided, or not k"
Tigerlily,tigerlilyswimwear.com,MISSING,,"Error: [Errno 8] nodename nor servname provided, or not k"
Indah,indahclothing.com,MISSING,,"Error: [Errno 8] nodename nor servname provided, or not k"
Natalie Martin,nataliemartin.com,MISSING,,"Error: [Errno 8] nodename nor servname provided, or not k"
Jen's Pirate Booty,jenspir atebooty.com,MISSING,,Error: URL can't contain control characters. '/jenspir at
Wildfox,wildfoxcouture.com,MISSING,,"Error: [Errno 8] nodename nor servname provided, or not k"
Spiritual Gangster,spiritualgangster.com,MISSING,,"Error: [Errno 8] nodename nor servname provided, or not k"
Aviator Nation,aviatornation.com,MISSING,,"Error: [Errno 8] nodename nor servname provided, or not k"
Mikoh,mikohswimwear.com,MISSING,,"Error: [Errno 8] nodename nor servname provided, or not k"
Minkpink,minkpink.com,MISSING,,"Error: [Errno 8] nodename nor servname provided, or not k"
Finders Keepers,finderskeepersth elabel.com,MISSING,,Error: URL can't contain control characters. '/finderskee
C/MEO Collective,cmeo collective.com,MISSING,,Error: URL can't contain control characters. '/cmeo colle
Keepsake,keepsake thelabel.com,MISSING,,Error: URL can't contain control characters. '/keepsake t
Maurie & Eve,maurieandeve.com,MISSING,,"Error: [Errno 8] nodename nor servname provided, or not k"
Bec & Bridge,becandbridge.com.au,MISSING,,"Error: [Errno 8] nodename nor servname provided, or not k"
Camilla,camilla.com.au,MISSING,,"Error: [Errno 8] nodename nor servname provided, or not k"
Camilla and Marc,camillaandmarc.com,MISSING,,"Error: [Errno 8] nodename nor servname provided, or not k"
Friend of Audrey,friendofaudrey.com,MISSING,,"Error: [Errno 8] nodename nor servname provided, or not k"
Acler,acler.com.au,MISSING,,"Error: [Errno 8] nodename nor servname provided, or not k"
Dion Lee,dionlee.com,MISSING,,"Error: [Errno 8] nodename nor servname provided, or not k"
Manning Cartell,manningcartell.com.au,MISSING,,"Error: [Errno 8] nodename nor servname provided, or not k"
By Johnny,byjohnny.com.au,MISSING,,"Error: [Errno 8] nodename nor servname provided, or not k"
Significant Other,significantother.com.au,MISSING,,"Error: [Errno 8] nodename nor servname provided, or not k"
Talulah,talulah.com.au,MISSING,,"Error: [Errno 8] nodename nor servname provided, or not k"
BEC + BRIDGE,becandbridge.com.au,MISSING,,"Error: [Errno 8] nodename nor servname provided, or not k"
Hansen & Gretel,hansenandgretel.com,MISSING,,"Error: [Errno 8] nodename nor servname provided, or not k"
Anna Quan,annaquan.com,MISSING,,"Error: [Errno 8] nodename nor servname provided, or not k"
Georgia Alice,georgiaalice.com,MISSING,,"Error: [Errno 8] nodename nor servname provided, or not k"
Kacey Devlin,kaceydevlin.com,MISSING,,"Error: [Errno 8] nodename nor servname provided, or not k"
Christopher Esber,christopheresber.com.au,MISSING,,"Error: [Errno 8] nodename nor servname provided, or not k"
Lee Mathews,leemathews.com.au,MISSING,,"Error: [Errno 8] nodename nor servname provided, or not k"
Beare Park,bearepark.com,MISSING,,"Error: [Errno 8] nodename nor servname provided, or not k"
St. Agni,st-agni.com,MISSING,,"Error: [Errno 8] nodename nor servname provided, or not k"
Cult Gaia,cultgaia.com,MISSING,,"Error: [Errno 8] nodename nor servname provided, or not k"
Staud,staud.clothing,MISSING,,"Error: [Errno 8] nodename nor servname provided, or not k"
Georgia Hardinge,georgiahardinge.com,MISSING,,"Error: [Errno 8] nodename nor servname provided, or not k"
Mara Hoffman,marahoffman.com,MISSING,,"Error: [Errno 8] nodename nor servname provided, or not k"
Vince Camuto,vincecamuto.com,MISSING,,"Error: [Errno 8] nodename nor servname provided, or not k"
Betsey Johnson,betseyjohnson.com,MISSING,,"Error: [Errno 8] nodename nor servname provided, or not k"
Desigual,desigual.com,MISSING,,"Error: [Errno 8] nodename nor servname provided, or not k"
Anthropologie Home,anthropologie.com/home,MISSING,,"Error: [Errno 8] nodename nor servname provided, or not k"
West Elm,westelm.com,MISSING,,"Error: [Errno 8] nodename nor servname provided, or not k"
CB2,cb2.com,MISSING,,"Error: [Errno 8] nodename nor servname provided, or not k"
Crate & Barrel,crateandbarrel.com,MISSING,,"Error: [Errno 8] nodename nor servname provided, or not k"
Pottery Barn,potterybarn.com,MISSING,,"Error: [Errno 8] nodename nor servname provided, or not k"
Williams Sonoma,williams-sonoma.com,MISSING,,"Error: [Errno 8] nodename nor servname provided, or not k"
Serena & Lily,serenaandlily.com,MISSING,,"Error: [Errno 8] nodename nor servname provided, or not k"
Parachute,parachutehome.com,MISSING,,"Error: [Errno 8] nodename nor servname provided, or not k"
Brooklinen,brooklinen.com,MISSING,,"Error: [Errno 8] nodename nor servname provided, or not k"
Boll & Branch,bollandbranch.com,MISSING,,"Error: [Errno 8] nodename nor servname provided, or not k"
Coyuchi,coyuchi.com,MISSING,,"Error: [Errno 8] nodename nor servname provided, or not k"
Ettitude,ettitude.com,MISSING,,"Error: [Errno 8] nodename nor servname provided, or not k"
Buffy,buffy.co,MISSING,,"Error: [Errno 8] nodename nor servname provided, or not k"
Snowe,snowehome.com,MISSING,,"Error: [Errno 8] nodename nor servname provided, or not k"
Parachute Home,parachutehome.com,MISSING,,"Error: [Errno 8] nodename nor servname provided, or not k"
Hill House Home,hillhousehome.com,MISSING,,"Error: [Errno 8] nodename nor servname provided, or not k"
The Citizenry,the-citizenry.com,MISSING,,"Error: [Errno 8] nodename nor servname provided, or not k"
Goop,goop.com,MISSING,,"Error: [Errno 8] nodename nor servname provided, or not k"
Véronique Branquinho,veroniquebranquinho.be,MISSING,,"Error: [Errno 8] nodename nor servname provided, or not k"
Dries Van Noten,driesvannoten.com,MISSING,,"Error: [Errno 8] nodename nor servname provided, or not k"
Ann Demeulemeester,anndemeulemeester.com,MISSING,,"Error: [Errno 8] nodename nor servname provided, or not k"
Haider Ackermann,haiderackermann.com,MISSING,,"Error: [Errno 8] nodename nor servname provided, or not k"
Maison Margiela,maisonmargiela.com,MISSING,,"Error: [Errno 8] nodename nor servname provided, or not k"
MM6 Maison Margiela,mm6maisonmargiela.com,MISSING,,"Error: [Errno 8] nodename nor servname provided, or not k"
Comme des Garçons,comme-des-garcons.com,MISSING,,"Error: [Errno 8] nodename nor servname provided, or not k"
Issey Miyake,isseymiyake.com,MISSING,,"Error: [Errno 8] nodename nor servname provided, or not k"
Yohji Yamamoto,yohjiyamamoto.co.jp,MISSING,,"Error: [Errno 8] nodename nor servname provided, or not k"
Sacai,sacai.jp,MISSING,,"Error: [Errno 8] nodename nor servname provided, or not k"
Junya Watanabe,junya-watanabe.com,MISSING,,"Error: [Errno 8] nodename nor servname provided, or not k"
Toga,toga.jp,MISSING,,"Error: [Errno 8] nodename nor servname provided, or not k"
Undercover,undercoverism.com,MISSING,,"Error: [Errno 8] nodename nor servname provided, or not k"
Visvim,visvim.tv,MISSING,,"Error: [Errno 8] nodename nor servname provided, or not k"
Kapital,kapital.jp,MISSING,,"Error: [Errno 8] nodename nor servname provided, or not k"
Porter-Yoshida & Co,yoshidakaban.com,MISSING,,"Error: [Errno 8] nodename nor servname provided, or not k"
Beams,beams.co.jp,MISSING,,"Error: [Errno 8] nodename nor servname provided, or not k"
United Arrows,united-arrows.co.jp,MISSING,,"Error: [Errno 8] nodename nor servname provided, or not k"
Journal Standard,journal-standard.jp,MISSING,,"Error: [Errno 8] nodename nor servname provided, or not k"
Enfold,enfold.jp,MISSING,,"Error: [Errno 8] nodename nor servname provided, or not k"
Auralee,auralee.jp,MISSING,,"Error: [Errno 8] nodename nor servname provided, or not k"
Hyke,hykebrand.com,MISSING,,"Error: [Errno 8] nodename nor servname provided, or not k"
Lemaire,lemaire.fr,MISSING,,"Error: [Errno 8] nodename nor servname provided, or not k"
Christophe Lemaire,lemaire.fr,MISSING,,"Error: [Errno 8] nodename nor servname provided, or not k"
COS,cosstores.com,MISSING,,"Error: [Errno 8] nodename nor servname provided, or not k"
Arket,arket.com,MISSING,,"Error: [Errno 8] nodename nor servname provided, or not k"
Filippa K,filippa-k.com,MISSING,,"Error: [Errno 8] nodename nor servname provided, or not k"
Hope,hope-sthlm.com,MISSING,,"Error: [Errno 8] nodename nor servname provided, or not k"
Rodebjer,rodebjer.com,MISSING,,"Error: [Errno 8] nodename nor servname provided, or not k"
By Malene Birger,bymalenebirger.com,MISSING,,"Error: [Errno 8] nodename nor servname provided, or not k"
Baum und Pferdgarten,baumundpferdgarten.com,MISSING,,"Error: [Errno 8] nodename nor servname provided, or not k"
Stine Goya,stinegoya.com,MISSING,,"Error: [Errno 8] nodename nor servname provided, or not k"
Lovechild 1979,lovechild1979.com,MISSING,,"Error: [Errno 8] nodename nor servname provided, or not k"
Samsøe Samsøe,samsoe.com,MISSING,,"Error: [Errno 8] nodename nor servname provided, or not k"
Norse Projects,norseprojects.com,MISSING,,"Error: [Errno 8] nodename nor servname provided, or not k"
Won Hundred,wonhundred.com,MISSING,,"Error: [Errno 8] nodename nor servname provided, or not k"
Munthe,munthe.com,MISSING,,"Error: [Errno 8] nodename nor servname provided, or not k"
Gestuz,gestuz.com,MISSING,,"Error: [Errno 8] nodename nor servname provided, or not k"
Second Female,secondfemale.com,MISSING,,"Error: [Errno 8] nodename nor servname provided, or not k"
Envii,envii.com,MISSING,,"Error: [Errno 8] nodename nor servname provided, or not k"
Bruuns Bazaar,bruunsbazaar.com,MISSING,,"Error: [Errno 8] nodename nor servname provided, or not k"
Day Birger et Mikkelsen,day.dk,MISSING,,"Error: [Errno 8] nodename nor servname provided, or not k"
Designers Remix,designersremix.com,MISSING,,"Error: [Errno 8] nodename nor servname provided, or not k"
Rains,rains.com,MISSING,,"Error: [Errno 8] nodename nor servname provided, or not k"
Stutterheim,stutterheim.com,MISSING,,"Error: [Errno 8] nodename nor servname provided, or not k"
Holzweiler,holzweiler.no,MISSING,,"Error: [Errno 8] nodename nor servname provided, or not k"
REMAIN Birger Christensen,remainbirgerchristensen.com,MISSING,,"Error: [Errno 8] nodename nor servname provided, or not k"
By Ti Mo,byti.mo,MISSING,,"Error: [Errno 8] nodename nor servname provided, or not k"
Ganni,ganni.com,MISSING,,"Error: [Errno 8] nodename nor servname provided, or not k"
Rotate,rotate.com,MISSING,,"Error: [Errno 8] nodename nor servname provided, or not k"
Han Kjøbenhavn,hankjobenhavn.com,MISSING,,"Error: [Errno 8] nodename nor servname provided, or not k"
A.P.C.,apc-us.com,MISSING,,"Error: [Errno 8] nodename nor servname provided, or not k"
AMI,amiparis.com,MISSING,,"Error: [Errno 8] nodename nor servname provided, or not k"
Maison Kitsuné,maisonkitsune.com,MISSING,,"Error: [Errno 8] nodename nor servname provided, or not k"
agnès b.,agnesb.com,MISSING,,"Error: [Errno 8] nodename nor servname provided, or not k"
American Vintage,americanvintage-store.com,MISSING,,"Error: [Errno 8] nodename nor servname provided, or not k"
Ines de la Fressange,inesdelafressange.fr,MISSING,,"Error: [Errno 8] nodename nor servname provided, or not k"
Sessun,sessun.com,MISSING,,"Error: [Errno 8] nodename nor servname provided, or not k"
Des Petits Hauts,despetitshauts.com,MISSING,,"Error: [Errno 8] nodename nor servname provided, or not k"
Soeur,soeur.fr,MISSING,,"Error: [Errno 8] nodename nor servname provided, or not k"
Antik Batik,antikbatik.fr,MISSING,,"Error: [Errno 8] nodename nor servname provided, or not k"
Bash,ba-sh.com,MISSING,,"Error: [Errno 8] nodename nor servname provided, or not k"
Comptoir des Cotonniers,comptoirdescotonniers.com,MISSING,,"Error: [Errno 8] nodename nor servname provided, or not k"
Vanessa Bruno,vanessabruno.com,MISSING,,"Error: [Errno 8] nodename nor servname provided, or not k"
Paul & Joe,paulandjoe.com,MISSING,,"Error: [Errno 8] nodename nor servname provided, or not k"
Gerard Darel,gerarddarel.com,MISSING,,"Error: [Errno 8] nodename nor servname provided, or not k"
Paul Smith,paulsmith.com,MISSING,,"Error: [Errno 8] nodename nor servname provided, or not k"
Vivienne Westwood,viviennewestwood.com,MISSING,,"Error: [Errno 8] nodename nor servname provided, or not k"
Alexander McQueen,alexandermcqueen.com,MISSING,,"Error: [Errno 8] nodename nor servname provided, or not k"
Burberry,burberry.com,MISSING,,"Error: [Errno 8] nodename nor servname provided, or not k"
Mulberry,mulberry.com,MISSING,,"Error: [Errno 8] nodename nor servname provided, or not k"
Aspinal of London,aspinaloflondon.com,MISSING,,"Error: [Errno 8] nodename nor servname provided, or not k"
LK Bennett,lkbennett.com,MISSING,,"Error: [Errno 8] nodename nor servname provided, or not k"
Boden,boden.com,MISSING,,"Error: [Errno 8] nodename nor servname provided, or not k"
Seasalt Cornwall,seasaltcornwall.com,MISSING,,"Error: [Errno 8] nodename nor servname provided, or not k"
Joules,joules.com,MISSING,,"Error: [Errno 8] nodename nor servname provided, or not k"
Toast,toa stdesign.com,MISSING,,Error: URL can't contain control characters. '/toa stdesi
Margaret Howell,margarethowell.co.uk,MISSING,,"Error: [Errno 8] nodename nor servname provided, or not k"
Orla Kiely,orlakiely.com,MISSING,,"Error: [Errno 8] nodename nor servname provided, or not k"
Olivia Rubin,oliviarubin.com,MISSING,,"Error: [Errno 8] nodename nor servname provided, or not k"
RIXO,rixo.co.uk,MISSING,,"Error: [Errno 8] nodename nor servname provided, or not k"
Kitri,kitristudio.com,MISSING,,"Error: [Errno 8] nodename nor servname provided, or not k"
Omnes,omnes-store.com,MISSING,,"Error: [Errno 8] nodename nor servname provided, or not k"
Nobody's Child,nobodyschild.com,MISSING,,"Error: [Errno 8] nodename nor servname provided, or not k"
Kitx,kitx.com,MISSING,,"Error: [Errno 8] nodename nor servname provided, or not k"
Albus Lumen,albuslumen.com,MISSING,,"Error: [Errno 8] nodename nor servname provided, or not k"
Venroy,venroy.com.au,MISSING,,"Error: [Errno 8] nodename nor servname provided, or not k"
Anna Quan,annaquan.com,MISSING,,"Error: [Errno 8] nodename nor servname provided, or not k"
Maggie Marilyn,maggiemarilyn.com,MISSING,,"Error: [Errno 8] nodename nor servname provided, or not k"
Karen Walker,karenwalker.com,MISSING,,"Error: [Errno 8] nodename nor servname provided, or not k"
Kowtow,kowtowclothing.com,MISSING,,"Error: [Errno 8] nodename nor servname provided, or not k"
Lonely,lonelylabel.com,MISSING,,"Error: [Errno 8] nodename nor servname provided, or not k"
Jac + Jack,jacandjack.com,MISSING,,"Error: [Errno 8] nodename nor servname provided, or not k"
Bassike,bassike.com,MISSING,,"Error: [Errno 8] nodename nor servname provided, or not k"
Asceno,asceno.com,MISSING,,"Error: [Errno 8] nodename nor servname provided, or not k"
LemLem,lemlem.com,MISSING,,"Error: [Errno 8] nodename nor servname provided, or not k"
Mara Hoffman,marahoffman.com,MISSING,,"Error: [Errno 8] nodename nor servname provided, or not k"
Whit,whitneypozgay.com,MISSING,,"Error: [Errno 8] nodename nor servname provided, or not k"
Mara Hoffman,marahoffman.com,MISSING,,"Error: [Errno 8] nodename nor servname provided, or not k"
Roksanda,roksanda.com,MISSING,,"Error: [Errno 8] nodename nor servname provided, or not k"
Ulla Johnson,ullajohnson.com,MISSING,,"Error: [Errno 8] nodename nor servname provided, or not k"
Tove,tove-studio.com,MISSING,,"Error: [Errno 8] nodename nor servname provided, or not k"
Bite Studios,bitestudios.com,MISSING,,"Error: [Errno 8] nodename nor servname provided, or not k"
Frankie Shop,thefrankieshop.com,MISSING,,"Error: [Errno 8] nodename nor servname provided, or not k"
Gauge81,gauge81.com,MISSING,,"Error: [Errno 8] nodename nor servname provided, or not k"
Nanushka,nanushka.com,MISSING,,"Error: [Errno 8] nodename nor servname provided, or not k"
Bevza,bevza.com,MISSING,,"Error: [Errno 8] nodename nor servname provided, or not k"
The Attico,theattico.com,MISSING,,"Error: [Errno 8] nodename nor servname provided, or not k"
MSGM,msgm.it,MISSING,,"Error: [Errno 8] nodename nor servname provided, or not k"
GCDS,gcds.it,MISSING,,"Error: [Errno 8] nodename nor servname provided, or not k"
MSGM,msgm.it,MISSING,,"Error: [Errno 8] nodename nor servname provided, or not k"
Plan C,planc-milano.com,MISSING,,"Error: [Errno 8] nodename nor servname provided, or not k"
Forte Forte,forteforteonline.com,MISSING,,"Error: [Errno 8] nodename nor servname provided, or not k"
Luisa Beccaria,luisabeccaria.com,MISSING,,"Error: [Errno 8] nodename nor servname provided, or not k"
Alberta Ferretti,albertaferretti.com,MISSING,,"Error: [Errno 8] nodename nor servname provided, or not k"
Philosophy di Lorenzo Serafini,philosophy.it,MISSING,,"Error: [Errno 8] nodename nor servname provided, or not k"
N°21,n21.it,MISSING,,"Error: [Errno 8] nodename nor servname provided, or not k"
MSGM,msgm.it,MISSING,,"Error: [Errno 8] nodename nor servname provided, or not k"
Ports 1961,ports1961.com,MISSING,,"Error: [Errno 8] nodename nor servname provided, or not k"
Pinko,pinko.com,MISSING,,"Error: [Errno 8] nodename nor servname provided, or not k"
Liu Jo,liujo.com,MISSING,,"Error: [Errno 8] nodename nor servname provided, or not k"
Patrizia Pepe,patriziapepe.com,MISSING,,"Error: [Errno 8] nodename nor servname provided, or not k"
Twin-Set,twinset.com,MISSING,,"Error: [Errno 8] nodename nor servname provided, or not k"
Elisabetta Franchi,elisabettafranchi.com,MISSING,,"Error: [Errno 8] nodename nor servname provided, or not k"
Rinascimento,rinascimento.com,MISSING,,"Error: [Errno 8] nodename nor servname provided, or not k"
Motivi,motivifashion.com,MISSING,,"Error: [Errno 8] nodename nor servname provided, or not k"
OVS,ovs.it,MISSING,,"Error: [Errno 8] nodename nor servname provided, or not k"
Tezenis,tezenis.com,MISSING,,"Error: [Errno 8] nodename nor servname provided, or not k"
Calzedonia,calzedonia.com,MISSING,,"Error: [Errno 8] nodename nor servname provided, or not k"
Intimissimi,intimissimi.com,MISSING,,"Error: [Errno 8] nodename nor servname provided, or not k"
Yamamay,yamamay.com,MISSING,,"Error: [Errno 8] nodename nor servname provided, or not k"
Golden Lady,goldenlady.com,MISSING,,"Error: [Errno 8] nodename nor servname provided, or not k"
Wolford,wolford.com,MISSING,,"Error: [Errno 8] nodename nor servname provided, or not k"
Marc Cain,marc-cain.com,MISSING,,"Error: [Errno 8] nodename nor servname provided, or not k"
Drykorn,drykorn.com,MISSING,,"Error: [Errno 8] nodename nor servname provided, or not k"
Closed,closed.com,MISSING,,"Error: [Errno 8] nodename nor servname provided, or not k"
Strenesse,strenesse.com,MISSING,,"Error: [Errno 8] nodename nor servname provided, or not k"
Windsor,windsor.com,MISSING,,"Error: [Errno 8] nodename nor servname provided, or not k"
Charlotte Russe,charlotterusse.com,MISSING,,"Error: [Errno 8] nodename nor servname provided, or not k"
Bebe,bebe.com,MISSING,,"Error: [Errno 8] nodename nor servname provided, or not k"
bebe Sport,bebe.com/sport,MISSING,,"Error: [Errno 8] nodename nor servname provided, or not k"
Express,express.com,MISSING,,"Error: [Errno 8] nodename nor servname provided, or not k"
The Limited,thelimited.com,MISSING,,"Error: [Errno 8] nodename nor servname provided, or not k"
New York & Company,nyandcompany.com,MISSING,,"Error: [Errno 8] nodename nor servname provided, or not k"
White House Black Market,whitehouseblackmarket.com,MISSING,,"Error: [Errno 8] nodename nor servname provided, or not k"
Chico's,chicos.com,MISSING,,"Error: [Errno 8] nodename nor servname provided, or not k"
Ann Taylor,anntaylor.com,MISSING,,"Error: [Errno 8] nodename nor servname provided, or not k"
LOFT,loft.com,MISSING,,"Error: [Errno 8] nodename nor servname provided, or not k"
Talbots,talbots.com,MISSING,,"Error: [Errno 8] nodename nor servname provided, or not k"
Soft Surroundings,softsurroundings.com,MISSING,,"Error: [Errno 8] nodename nor servname provided, or not k"
J.Jill,jjill.com,MISSING,,"Error: [Errno 8] nodename nor servname provided, or not k"
Coldwater Creek,coldwatercreek.com,MISSING,,"Error: [Errno 8] nodename nor servname provided, or not k"
Garnet Hill,garnethill.com,MISSING,,"Error: [Errno 8] nodename nor servname provided, or not k"
Orvis,orvis.com,MISSING,,"Error: [Errno 8] nodename nor servname provided, or not k"
L.L.Bean,llbean.com,MISSING,,"Error: [Errno 8] nodename nor servname provided, or not k"
Lands' End,landsend.com,MISSING,,"Error: [Errno 8] nodename nor servname provided, or not k"
Eddie Bauer,eddiebauer.com,MISSING,,"Error: [Errno 8] nodename nor servname provided, or not k"
Patagonia,patagonia.com,MISSING,,"Error: [Errno 8] nodename nor servname provided, or not k"
Arc'teryx,arcteryx.com,MISSING,,"Error: [Errno 8] nodename nor servname provided, or not k"
Canada Goose,canadagoose.com,MISSING,,"Error: [Errno 8] nodename nor servname provided, or not k"
Moose Knuckles,mooseknucklescanada.com,MISSING,,"Error: [Errno 8] nodename nor servname provided, or not k"
Nobis,nobis.com,MISSING,,"Error: [Errno 8] nodename nor servname provided, or not k"
Mackage,mackage.com,MISSING,,"Error: [Errno 8] nodename nor servname provided, or not k"
Rudsak,rudsak.com,MISSING,,"Error: [Errno 8] nodename nor servname provided, or not k"
Soia & Kyo,soiakyo.com,MISSING,,"Error: [Errno 8] nodename nor servname provided, or not k"
Aritzia,aritzia.com,MISSING,,"Error: [Errno 8] nodename nor servname provided, or not k"
TNA,aritzia.com/tna,MISSING,,"Error: [Errno 8] nodename nor servname provided, or not k"
Wilfred,aritzia.com/wilfred,MISSING,,"Error: [Errno 8] nodename nor servname provided, or not k"
Babaton,aritzia.com/babaton,MISSING,,"Error: [Errno 8] nodename nor servname provided, or not k"
Sunday Best,aritzia.com/sunday-best,MISSING,,"Error: [Errno 8] nodename nor servname provided, or not k"
Oak + Fort,oakandfort.com,MISSING,,"Error: [Errno 8] nodename nor servname provided, or not k"
Smythe,smythecollection.com,MISSING,,"Error: [Errno 8] nodename nor servname provided, or not k"
Mejuri,mejuri.com,MISSING,,"Error: [Errno 8] nodename nor servname provided, or not k"
Knix,knix.com,MISSING,,"Error: [Errno 8] nodename nor servname provided, or not k"
Frank And Oak,frankandoak.com,MISSING,,"Error: [Errno 8] nodename nor servname provided, or not k"
KOTN,kotn.com,MISSING,,"Error: [Errno 8] nodename nor servname provided, or not k"
Tentree,tentree.com,MISSING,,"Error: [Errno 8] nodename nor servname provided, or not k"
ABLE,livefashionable.com,MISSING,,"Error: [Errno 8] nodename nor servname provided, or not k"
Nisolo,nisolo.com,MISSING,,"Error: [Errno 8] nodename nor servname provided, or not k"
Everlane,everlane.com,MISSING,,"Error: [Errno 8] nodename nor servname provided, or not k"
Reformation,thereformation.com,MISSING,,"Error: [Errno 8] nodename nor servname provided, or not k"
Christy Dawn,christydawn.com,MISSING,,"Error: [Errno 8] nodename nor servname provided, or not k"
Whimsy + Row,whimsyandrow.com,MISSING,,"Error: [Errno 8] nodename nor servname provided, or not k"
LACAUSA,lacausaclothing.com,MISSING,,"Error: [Errno 8] nodename nor servname provided, or not k"
Thinking MU,thinkingmu.com,MISSING,,"Error: [Errno 8] nodename nor servname provided, or not k"
Organic Basics,organicbasics.com,MISSING,,"Error: [Errno 8] nodename nor servname provided, or not k"
Wearwell,wearwell.com,MISSING,,"Error: [Errno 8] nodename nor servname provided, or not k"
Pact,wearpact.com,MISSING,,"Error: [Errno 8] nodename nor servname provided, or not k"
Alternative Apparel,alternativeapparel.com,MISSING,,"Error: [Errno 8] nodename nor servname provided, or not k"
Threads 4 Thought,threads4thought.com,MISSING,,"Error: [Errno 8] nodename nor servname provided, or not k"
People Tree,peopletree.co.uk,MISSING,,"Error: [Errno 8] nodename nor servname provided, or not k"
Thought,wearethought.com,MISSING,,"Error: [Errno 8] nodename nor servname provided, or not k"
Beaumont Organic,beaumontorganic.com,MISSING,,"Error: [Errno 8] nodename nor servname provided, or not k"
Birdsong,birdsong.london,MISSING,,"Error: [Errno 8] nodename nor servname provided, or not k"
Ninety Percent,ninetypercent.com,MISSING,,"Error: [Errno 8] nodename nor servname provided, or not k"
Rapanui,rapanuiclothing.com,MISSING,,"Error: [Errno 8] nodename nor servname provided, or not k"
Outland Denim,outlanddenim.com,MISSING,,"Error: [Errno 8] nodename nor servname provided, or not k"
Nobody Denim,nobodydenim.com,MISSING,,"Error: [Errno 8] nodename nor servname provided, or not k"
Afends,afends.com,MISSING,,"Error: [Errno 8] nodename nor servname provided, or not k"
Spell & The Gypsy Collective,spell.co,MISSING,,"Error: [Errno 8] nodename nor servname provided, or not k"
Rowie The Label,rowie.com.au,MISSING,,"Error: [Errno 8] nodename nor servname provided, or not k"
Nude Lucy,nudeluc y.com.au,MISSING,,Error: URL can't contain control characters. '/nudeluc y.
The Fifth Label,thefifthlabel.com,MISSING,,"Error: [Errno 8] nodename nor servname provided, or not k"
Finders Keepers,finderskeepersthelabel.com,MISSING,,"Error: [Errno 8] nodename nor servname provided, or not k"
C/MEO Collective,cmeocollective.com,MISSING,,"Error: [Errno 8] nodename nor servname provided, or not k"
Keepsake,keepsake thelabel.com,MISSING,,Error: URL can't contain control characters. '/keepsake t
Maurie & Eve,maurieandeve.com,MISSING,,"Error: [Errno 8] nodename nor servname provided, or not k"
Camilla and Marc,camillaandmarc.com,MISSING,,"Error: [Errno 8] nodename nor servname provided, or not k"
Bec + Bridge,becandbridge.com.au,MISSING,,"Error: [Errno 8] nodename nor servname provided, or not k"
Sir The Label,sirthelabel.com,MISSING,,"Error: [Errno 8] nodename nor servname provided, or not k"
Significant Other,significantother.com.au,MISSING,,"Error: [Errno 8] nodename nor servname provided, or not k"
Alice McCall,alicemccall.com,MISSING,,"Error: [Errno 8] nodename nor servname provided, or not k"
Zimmermann,zimmermannwear.com,MISSING,,"Error: [Errno 8] nodename nor servname provided, or not k"
Dion Lee,dionlee.com,MISSING,,"Error: [Errno 8] nodename nor servname provided, or not k"
Aje,ajeworld.com.au,MISSING,,"Error: [Errno 8] nodename nor servname provided, or not k"
Christopher Esber,christopheresber.com.au,MISSING,,"Error: [Errno 8] nodename nor servname provided, or not k"
Acler,acler.com.au,MISSING,,"Error: [Errno 8] nodename nor servname provided, or not k"
Manning Cartell,manningcartell.com.au,MISSING,,"Error: [Errno 8] nodename nor servname provided, or not k"
By Johnny,byjohnny.com.au,MISSING,,"Error: [Errno 8] nodename nor servname provided, or not k"
Lee Mathews,leemathews.com.au,MISSING,,"Error: [Errno 8] nodename nor servname provided, or not k"
Anna Quan,annaquan.com,MISSING,,"Error: [Errno 8] nodename nor servname provided, or not k"
Hansen & Gretel,hansenandgretel.com,MISSING,,"Error: [Errno 8] nodename nor servname provided, or not k"
Georgia Alice,georgiaalice.com,MISSING,,"Error: [Errno 8] nodename nor servname provided, or not k"
Kacey Devlin,kaceydevlin.com,MISSING,,"Error: [Errno 8] nodename nor servname provided, or not k"
Beare Park,bearepark.com,MISSING,,"Error: [Errno 8] nodename nor servname provided, or not k"
Paris Georgia,parisgeorgia.com,MISSING,,"Error: [Errno 8] nodename nor servname provided, or not k"
Third Form,thirdform.com.au,MISSING,,"Error: [Errno 8] nodename nor servname provided, or not k"
Mara & Mine,maraandmine.com.au,MISSING,,"Error: [Errno 8] nodename nor servname provided, or not k"
Rowie,rowie.com.au,MISSING,,"Error: [Errno 8] nodename nor servname provided, or not k"
Rue Stiic,ruestiic.com,MISSING,,"Error: [Errno 8] nodename nor servname provided, or not k"
Dissh,dissh.com.au,MISSING,,"Error: [Errno 8] nodename nor servname provided, or not k"
Stelly,stellyclothing.com,MISSING,,"Error: [Errno 8] nodename nor servname provided, or not k"
Runaway The Label,runawaythelabel.com,MISSING,,"Error: [Errno 8] nodename nor servname provided, or not k"
Hello Molly,hellomolly.com,MISSING,,"Error: [Errno 8] nodename nor servname provided, or not k"
Beginning Boutique,beginningboutique.com,MISSING,,"Error: [Errno 8] nodename nor servname provided, or not k"
Sabo Skirt,saboskirt.com,MISSING,,"Error: [Errno 8] nodename nor servname provided, or not k"
Tiger Mist,tigermist.com,MISSING,,"Error: [Errno 8] nodename nor servname provided, or not k"
White Fox Boutique,whitefoxboutique.com,MISSING,,"Error: [Errno 8] nodename nor servname provided, or not k"
Princess Polly,princesspolly.com,MISSING,,"Error: [Errno 8] nodename nor servname provided, or not k"
Peppermayo,peppermayo.com,MISSING,,"Error: [Errno 8] nodename nor servname provided, or not k"
Showpo,showpo.com,MISSING,,"Error: [Errno 8] nodename nor servname provided, or not k"
Fashion Nova,fashionnova.com,MISSING,,"Error: [Errno 8] nodename nor servname provided, or not k"
Pretty Little Thing,prettylittlething.com,MISSING,,"Error: [Errno 8] nodename nor servname provided, or not k"
Boohoo,boohoo.com,MISSING,,"Error: [Errno 8] nodename nor servname provided, or not k"
Missguided,missguided.com,MISSING,,"Error: [Errno 8] nodename nor servname provided, or not k"
Nasty Gal,nastygal.com,MISSING,,"Error: [Errno 8] nodename nor servname provided, or not k"
Dolls Kill,dollskill.com,MISSING,,"Error: [Errno 8] nodename nor servname provided, or not k"
UNIF,unifclothing.com,MISSING,,"Error: [Errno 8] nodename nor servname provided, or not k"
Lazy Oaf,lazyoaf.com,MISSING,,"Error: [Errno 8] nodename nor servname provided, or not k"
The Ragged Priest,theraggedpriest.com,MISSING,,"Error: [Errno 8] nodename nor servname provided, or not k"
Jaded London,jadedlondon.com,MISSING,,"Error: [Errno 8] nodename nor servname provided, or not k"
O-Mighty,o-mighty.com,MISSING,,"Error: [Errno 8] nodename nor servname provided, or not k"
Widow,widowbrand.com,MISSING,,"Error: [Errno 8] nodename nor servname provided, or not k"
Killstar,killstar.com,MISSING,,"Error: [Errno 8] nodename nor servname provided, or not k"
Disturbia,disturbia.co.uk,MISSING,,"Error: [Errno 8] nodename nor servname provided, or not k"
Iron Fist,ironfistclothing.com,MISSING,,"Error: [Errno 8] nodename nor servname provided, or not k"
Blackcraft Cult,blackcraftcult.com,MISSING,,"Error: [Errno 8] nodename nor servname provided, or not k"
UNIF,unifclothing.com,MISSING,,"Error: [Errno 8] nodename nor servname provided, or not k"
Lazy Oaf,lazyoaf.com,MISSING,,"Error: [Errno 8] nodename nor servname provided, or not k"
Valfré,valfre.com,MISSING,,"Error: [Errno 8] nodename nor servname provided, or not k"
The Cobra Snake,thecobrasnake.com,MISSING,,"Error: [Errno 8] nodename nor servname provided, or not k"
Local Heroes,local-heroes.com,MISSING,,"Error: [Errno 8] nodename nor servname provided, or not k"
